outlet_key,month_id,external_demand_context_score_0_100,external_signal_confidence_score_0_100,external_context_regime,external_growth_support_flag,roster_integrity_health_score_0_100,productive_utilization_score_0_100,coverage_pressure_score_0_100,capacity_stability_score_0_100,burnout_exposure_score_0_100,management_signal_score_0_100,staffing_readiness_score_0_100,internal_pressure_context_score_0_100,demand_support_vs_staffing_readiness_gap,external_internal_alignment_score_0_100,capacity_expansion_readiness_score_0_100,growth_window_vs_control_window,roster_action_posture
MLT_OUTLET_001,2017-01,31.653118516332114,50.0,soft,0,91.256944,71.15763680172633,35.23251292879411,64.76748707120589,27.00430188235294,75.20446747072276,77.55,41.75,-45.9,89.9,61.18,growth_window,expand_selectively
MLT_OUTLET_001,2017-02,37.097945263030894,50.0,neutral,0,87.94453866666666,81.84269345054996,40.71550098725298,59.28449901274702,35.25502545098039,61.39544286863904,71.16,49.36,-34.06,87.74,58.2,hold_and_optimize,maintain_capacity_optimize_controls
MLT_OUTLET_001,2017-03,46.49504000528568,50.0,neutral,0,95.100528,79.44580821210322,36.54507177756748,63.45492822243252,28.515760823529412,75.07234939428953,78.1,44.86,-31.6,98.36,65.43,growth_window,expand_selectively
MLT_OUTLET_001,2017-04,58.4052753402119,50.0,neutral,0,95.692368,80.54016410815395,37.048475489750814,62.951524510249186,27.58371494117647,74.46496096631893,78.4,45.08,-19.99,86.67,69.19,growth_window,expand_selectively
MLT_OUTLET_001,2017-05,60.219212160515234,50.0,neutral,1,94.082752,82.84162887577678,38.107149282857314,61.892850717142686,27.908168,75.06122345334447,77.54,46.23,-17.32,86.01,69.18,growth_window,expand_selectively
MLT_OUTLET_001,2017-06,64.25378166830768,50.0,neutral,1,96.215664,84.88406713643,39.0466708827578,60.9533291172422,28.94659658823529,74.93530973094227,77.72,47.48,-13.47,83.23,70.17,growth_window,expand_selectively
MLT_OUTLET_001,2017-07,79.0044246039868,50.0,supportive,1,78.680135,97.23802513939957,59.546301564123794,40.453698435876206,47.218718431372544,61.725234172809685,59.66,65.27,19.34,86.27,61.55,supported_but_not_roster_ready,stabilize_roster_before_expansion
MLT_OUTLET_001,2017-08,79.90938215694597,50.0,supportive,1,90.54445866666669,94.47682286497896,46.25933851789032,53.74066148210968,39.90204368627451,61.83589323055827,69.34,56.41,10.57,76.5,68.78,growth_window,expand_selectively
MLT_OUTLET_001,2017-09,67.97652467860398,50.0,supportive,1,95.569424,86.79210436224075,39.92436800663074,60.07563199336926,31.682324823529413,72.83761449793968,76.25,49.17,-8.27,81.19,70.15,growth_window,expand_selectively
MLT_OUTLET_001,2017-10,66.71420907600394,50.0,neutral,1,93.640976,75.93964584558384,37.43223708896856,62.56776291103144,29.014869294117645,74.60932107338812,77.17,44.53,-10.46,77.82,70.92,growth_window,expand_selectively
MLT_OUTLET_001,2017-11,48.18645816950233,50.0,neutral,0,89.630336,73.32516598595387,36.29998235353877,63.70001764646123,28.955162235294118,75.30986091576277,76.14,43.35,-27.95,95.16,65.12,growth_window,expand_selectively
MLT_OUTLET_001,2017-12,38.048865266104634,50.0,neutral,0,80.74906233333334,94.88664766936472,53.784601927907765,46.215398072092235,41.99043305882353,60.54090855118211,63.27,60.52,-25.22,77.53,52.36,hold_and_optimize,maintain_capacity_optimize_controls
MLT_OUTLET_001,2018-01,35.57888628674392,50.0,neutral,0,92.511776,74.38744235906977,36.71822348517209,63.28177651482791,28.41638988235294,74.28898616725581,77.1,43.64,-41.52,91.94,61.74,growth_window,expand_selectively
MLT_OUTLET_001,2018-02,40.896167234374744,50.0,neutral,0,89.923968,71.96202887413364,33.10253328210147,66.89746671789854,28.372676705882355,74.48058576108102,77.13,41.4,-36.23,99.5,63.9,growth_window,expand_selectively
MLT_OUTLET_001,2018-03,53.73707036779296,50.0,neutral,0,93.01704000000001,81.15865982922504,39.83298352144352,60.16701647855648,30.137392352941177,74.18213415844394,75.97,47.26,-22.23,93.52,66.01,growth_window,expand_selectively
MLT_OUTLET_001,2018-04,61.18815806199329,50.0,neutral,1,93.53728000000001,81.68674082208307,37.57590077815821,62.42409922184179,31.194737647058822,73.22304159325162,76.31,46.69,-15.12,85.5,68.56,growth_window,expand_selectively
MLT_OUTLET_001,2018-05,68.36426103511747,50.0,supportive,1,96.696944,84.19827452770883,38.73120628274606,61.26879371725394,31.063163647058825,75.40407337810015,77.38,47.8,-9.02,79.44,70.99,growth_window,expand_selectively
MLT_OUTLET_001,2018-06,69.41457483656399,50.0,supportive,1,84.13728500000002,89.97392655455971,49.77555621509747,50.22444378490253,41.965141960784315,62.52501701728497,65.67,57.48,3.74,88.07,63.33,growth_window,expand_selectively
MLT_OUTLET_001,2018-07,81.47461903233243,50.0,supportive,1,88.44007466666667,94.9715407905097,49.844576763634464,50.155423236365536,38.42239945098039,62.42439890179397,68.21,57.7,13.26,76.23,68.49,growth_window,expand_selectively
MLT_OUTLET_001,2018-08,82.9403184766895,50.0,supportive,1,83.70558400000002,98.22670472792949,54.801898174847565,45.198101825152435,42.82500207843137,55.4390348727096,63.29,62.07,19.65,79.13,65.55,growth_window,expand_selectively
MLT_OUTLET_001,2018-09,69.73559382408303,50.0,supportive,1,95.91296,88.6598103213449,40.783512747818655,59.216487252181345,32.877622352941174,74.51750510673301,75.96,50.38,-6.22,80.64,70.26,growth_window,expand_selectively
MLT_OUTLET_001,2018-10,67.37599654132563,50.0,supportive,1,94.725328,83.28937175337792,38.31311100655384,61.68688899344616,30.091231411764703,73.96066883740906,76.94,47.09,-9.56,79.71,70.73,growth_window,expand_selectively
MLT_OUTLET_001,2018-11,47.84489971208834,50.0,neutral,0,94.61784,76.1986769449456,35.05139139467497,64.94860860532503,28.020980588235293,74.64387215917455,78.41,43.23,-30.57,95.39,66.26,growth_window,expand_selectively
MLT_OUTLET_001,2018-12,37.754131054744875,50.0,neutral,0,91.08357333333333,93.07050296507796,45.61243136393586,54.38756863606414,36.66379333333334,67.67180568940175,71.24,54.79,-33.49,82.96,57.48,hold_and_optimize,maintain_capacity_optimize_controls
MLT_OUTLET_001,2019-01,32.676070296694796,50.0,soft,0,97.195808,74.88340239687446,34.446365102562254,65.55363489743775,27.663901411764705,73.98543339700723,79.51,42.52,-46.83,90.16,62.29,growth_window,expand_selectively
MLT_OUTLET_001,2019-02,37.461407700577624,50.0,neutral,0,92.32472,79.15570516859661,36.41162437755444,63.58837562244556,29.62990647058824,75.02175986084548,76.82,45.06,-39.36,92.4,62.06,growth_window,expand_selectively
MLT_OUTLET_001,2019-03,49.230164868744886,50.0,neutral,0,86.54594666666668,88.20940958078648,44.57535840716179,55.42464159283821,38.10346215686275,62.34860628051728,68.95,53.54,-19.72,95.69,59.95,hold_and_optimize,maintain_capacity_optimize_controls
MLT_OUTLET_001,2019-04,63.657418878070956,50.0,neutral,1,86.33889033333334,89.38178855195751,49.55275473390046,50.44724526609954,42.031085058823535,61.94640269025754,66.42,57.25,-2.76,93.59,61.93,growth_window,expand_selectively
MLT_OUTLET_001,2019-05,64.18038538078095,50.0,neutral,1,82.741841,89.43941263669313,55.07628581287884,44.92371418712116,41.785337137254906,61.44181619136047,63.8,59.68,0.38,95.5,60.24,growth_window,expand_selectively
MLT_OUTLET_001,2019-06,68.56161230529696,50.0,supportive,1,93.722192,89.58266590086308,41.20802631439702,58.79197368560298,33.938466235294115,74.22113399497677,74.74,51.12,-6.18,82.56,69.19,growth_window,expand_selectively
MLT_OUTLET_001,2019-07,79.55654853598824,50.0,supportive,1,86.42098133333334,99.91386552274687,51.56037814046357,48.43962185953643,43.1480751372549,50.44386131284912,64.46,61.13,15.1,81.57,65.44,growth_window,expand_selectively
MLT_OUTLET_001,2019-08,81.95025857469005,50.0,supportive,1,86.78960533333336,98.34172009775348,50.8371912449666,49.1628087550334,42.91407643137255,48.839113305060486,64.68,60.34,17.27,78.39,66.39,growth_window,expand_selectively
MLT_OUTLET_001,2019-09,68.14292311128443,50.0,supportive,1,84.49858833333334,92.0250734287272,52.70531377721451,47.29468622278549,42.934699411764704,60.770168370369824,64.59,59.6,3.55,91.46,61.93,growth_window,expand_selectively
MLT_OUTLET_001,2019-10,67.49700705451794,50.0,supportive,1,86.38372766666667,88.41072935340257,48.83572550256518,51.16427449743482,40.54045439215686,61.25188667065366,66.99,56.24,0.51,88.74,63.64,growth_window,expand_selectively
MLT_OUTLET_001,2019-11,48.829717022121585,50.0,neutral,0,90.88698133333334,90.12018323583288,41.71424228848313,58.28575771151687,34.77292317647059,68.23671237441988,72.77,51.73,-23.94,97.1,62.28,growth_window,expand_selectively
MLT_OUTLET_001,2019-12,39.988624293596644,50.0,neutral,0,94.582528,86.95642325097533,39.99995469544865,60.00004530455135,33.232516705882354,73.45941552785835,75.48,49.71,-35.49,90.28,61.2,growth_window,expand_selectively
MLT_OUTLET_001,2020-01,34.93110300544152,50.0,neutral,0,95.35564,63.571799757491775,29.243027888446218,70.75697211155378,23.992651176470588,74.3227265449906,81.3,36.25,-46.37,98.68,65.01,growth_window,expand_selectively
MLT_OUTLET_001,2020-02,41.46085902382938,50.0,neutral,0,93.76235199999999,74.88665638251611,34.447861935957405,65.5521380640426,27.61380623529412,73.78619578970148,78.3,42.51,-36.84,98.95,64.45,growth_window,expand_selectively
MLT_OUTLET_001,2020-03,16.751445842229582,50.0,soft,0,94.34948800000001,62.881047543128396,28.925281869839065,71.07471813016093,22.530553764705886,64.0582237199927,80.44,35.5,-63.69,81.25,59.48,hold_and_optimize,maintain_capacity_optimize_controls
MLT_OUTLET_001,2020-04,0.0,50.0,soft,0,94.424736,66.84264694322624,33.24761759388407,66.75238240611593,24.517324000000002,62.963865274605446,78.68,39.03,-78.68,60.97,52.81,hold_and_optimize,maintain_capacity_optimize_controls
MLT_OUTLET_001,2020-05,0.10765267612774976,50.0,soft,0,91.90784000000001,66.38684152390898,33.81858710099814,66.18141289900186,26.637254117647057,63.56481195897168,77.08,39.81,-76.97,60.3,51.8,hold_and_optimize,maintain_capacity_optimize_controls
MLT_OUTLET_001,2020-06,1.9869423551877603,50.0,soft,0,93.02577600000001,62.612862830411075,28.80191690198909,71.19808309801091,23.397934,62.406269077642776,79.58,35.63,-77.59,66.36,54.6,hold_and_optimize,maintain_capacity_optimize_controls
MLT_OUTLET_001,2020-07,20.347145767756047,50.0,soft,0,91.456944,65.76754414444834,32.75307030644623,67.24692969355377,25.72361658823529,68.74523534995717,77.98,38.9,-57.63,81.45,58.52,hold_and_optimize,maintain_capacity_optimize_controls
MLT_OUTLET_001,2020-08,35.343903260533125,50.0,neutral,0,93.01008,68.23042690830147,31.385996377818675,68.61400362218133,26.31396117647059,69.97507696785343,78.81,39.08,-43.47,96.26,63.47,growth_window,expand_selectively
MLT_OUTLET_001,2020-09,19.999554738764516,50.0,soft,0,90.08840533333334,64.1840382378829,35.03616958942613,64.96383041057388,29.119651921568625,65.19509320128776,75.56,40.55,-55.56,79.45,56.6,hold_and_optimize,maintain_capacity_optimize_controls
MLT_OUTLET_001,2020-10,16.000390680825973,50.0,soft,0,91.445688,63.638237277973474,31.7735891478678,68.2264108521322,24.669718470588233,69.8917628425161,78.65,37.61,-62.65,78.39,57.79,hold_and_optimize,maintain_capacity_optimize_controls
MLT_OUTLET_001,2020-11,6.766319003821347,50.0,soft,0,96.585648,63.13786111210503,29.04341611156832,70.95658388843168,25.360840823529408,70.15735950852026,80.95,36.46,-74.18,70.31,56.25,hold_and_optimize,maintain_capacity_optimize_controls
MLT_OUTLET_001,2020-12,7.757240701760433,50.0,soft,0,93.160784,60.07496270358909,30.13448284365098,69.86551715634903,23.98625305882353,70.3681721579803,79.91,35.78,-72.15,71.98,56.17,hold_and_optimize,maintain_capacity_optimize_controls
MLT_OUTLET_001,2021-01,6.219581296442722,50.0,soft,0,95.789728,70.23942027612665,32.31013332701826,67.68986667298174,25.928122588235297,70.43506368487351,79.71,39.88,-73.49,66.34,55.01,hold_and_optimize,maintain_capacity_optimize_controls
MLT_OUTLET_001,2021-02,8.293995939504798,50.0,soft,0,93.440256,60.0,27.6,72.4,22.87915105882353,70.38416538461539,80.98,34.28,-72.69,74.01,57.31,hold_and_optimize,maintain_capacity_optimize_controls
MLT_OUTLET_001,2021-03,4.883653957331047,50.0,soft,0,96.377152,62.91294219108203,28.939953407897736,71.06004659210227,22.05423270588235,71.0756150179324,81.99,35.37,-77.11,69.51,56.61,hold_and_optimize,maintain_capacity_optimize_controls
MLT_OUTLET_001,2021-04,4.162187123188702,50.0,soft,0,95.08376,61.46479657391634,28.273806424001517,71.72619357599848,22.334601764705884,70.03197855377917,81.51,34.79,-77.35,69.37,56.26,hold_and_optimize,maintain_capacity_optimize_controls
MLT_OUTLET_001,2021-05,9.378781578537259,50.0,soft,0,92.933456,70.83104949449441,32.582282767467426,67.41771723253257,26.86085988235294,69.69763520591746,78.29,40.43,-68.91,68.95,55.21,hold_and_optimize,maintain_capacity_optimize_controls
MLT_OUTLET_001,2021-06,26.853561479445087,50.0,soft,0,93.93689599999999,62.45130277999903,28.727599278799552,71.27240072120046,23.51001105882353,71.03384377130772,80.75,35.59,-53.9,91.26,62.52,growth_window,expand_selectively
MLT_OUTLET_001,2021-07,44.9988904377277,50.0,neutral,0,92.57262399999999,72.52346363272244,33.36079327105232,66.63920672894767,28.427407176470588,70.20619520988825,77.55,41.67,-32.55,96.67,65.25,growth_window,expand_selectively
MLT_OUTLET_001,2021-08,56.03275111835977,50.0,neutral,0,95.566192,76.10890620614607,35.0100968548272,64.9899031451728,30.90381917647059,71.00451406368069,77.52,44.05,-21.49,88.02,67.93,growth_window,expand_selectively
MLT_OUTLET_001,2021-09,52.192444778629756,50.0,neutral,0,93.15528,65.76254188655584,30.250769267815684,69.74923073218432,26.160787647058825,70.2263950261312,79.22,37.9,-27.03,85.71,68.88,growth_window,expand_selectively
MLT_OUTLET_001,2021-10,50.34762693715569,50.0,neutral,0,92.474672,67.6992870732274,33.6416720536846,66.3583279463154,25.586339176470588,70.78400188649003,78.36,39.74,-28.01,89.39,67.56,growth_window,expand_selectively
MLT_OUTLET_001,2021-11,34.5996706503184,50.0,neutral,0,94.119168,60.0,30.1,69.9,23.83755905882353,71.70446538461539,80.44,35.7,-45.84,98.9,64.47,growth_window,expand_selectively
MLT_OUTLET_001,2021-12,23.262888696899907,50.0,soft,0,97.033664,65.77904097390797,30.258358847997663,69.74164115200233,24.495711294117648,70.08062581993325,81.06,37.41,-57.8,85.85,61.19,growth_window,expand_selectively
MLT_OUTLET_001,2022-01,16.555243633302954,50.0,soft,0,95.435552,65.40424340520231,30.085951966393065,69.91404803360693,23.244844470588237,73.9540415237061,81.3,36.86,-64.74,79.7,59.49,hold_and_optimize,maintain_capacity_optimize_controls
MLT_OUTLET_001,2022-02,23.966257816309632,50.0,soft,0,92.684168,66.30441546258965,30.500031112791238,69.49996888720877,26.267379647058824,75.42615612216105,79.48,38.18,-55.51,85.79,60.47,growth_window,expand_selectively
MLT_OUTLET_001,2022-03,31.380934632059816,50.0,soft,0,91.15404000000001,77.48915692990083,35.64501218775438,64.35498781224561,31.625742352941174,75.3483034672719,76.04,44.9,-44.66,86.48,59.74,hold_and_optimize,maintain_capacity_optimize_controls
MLT_OUTLET_001,2022-04,49.06635182388338,50.0,neutral,0,93.00849600000001,82.07558722456507,37.754770123299934,62.245229876700066,32.63588458823529,73.49569765164634,75.67,47.3,-26.6,98.23,64.43,growth_window,expand_selectively
MLT_OUTLET_001,2022-05,52.77307979296789,50.0,neutral,0,91.76172,71.30077996709771,32.79835878486495,67.20164121513506,28.753403529411763,75.08583861627045,77.8,41.21,-25.03,88.44,67.72,growth_window,expand_selectively
MLT_OUTLET_001,2022-06,58.80012151322749,50.0,neutral,0,88.66930933333333,81.95648252068669,44.39037795951588,55.60962204048412,33.28368792156863,69.16895431675074,71.87,50.45,-13.07,91.65,64.74,growth_window,expand_selectively
MLT_OUTLET_001,2022-07,70.391779615797,50.0,supportive,1,85.06074133333334,94.21874125874125,48.94062097902098,51.05937902097902,42.01754749019608,50.59936658149543,64.99,58.18,5.4,87.79,63.47,growth_window,expand_selectively
MLT_OUTLET_001,2022-08,77.8723838209303,50.0,supportive,1,90.61972800000001,86.12312980505978,43.0282777103275,56.9717222896725,34.03746670588235,74.45615035140223,73.19,51.1,4.68,73.23,71.08,growth_window,expand_selectively
MLT_OUTLET_001,2022-09,59.95952431736784,50.0,neutral,0,94.815872,82.0115157578701,37.72529724862024,62.27470275137976,27.771830352941176,74.43672265267273,77.87,45.81,-17.91,85.85,69.31,growth_window,expand_selectively
MLT_OUTLET_001,2022-10,59.86307498845552,50.0,neutral,0,96.044624,71.85565819524373,33.05360276981212,66.94639723018787,25.390489529411767,74.40507458705113,80.18,40.46,-20.32,80.6,71.26,growth_window,expand_selectively
MLT_OUTLET_001,2022-11,43.89004632871339,50.0,neutral,0,94.629456,66.53717563369432,33.107100791499384,66.89289920850061,24.346336352941172,74.16853950216976,79.96,38.84,-36.07,94.95,66.53,growth_window,expand_selectively
MLT_OUTLET_001,2022-12,35.06396321280399,50.0,neutral,0,94.977192,76.92943628112761,35.3875406893187,64.6124593106813,29.378157411764704,74.93654786935426,78.08,43.97,-43.02,91.09,62.04,growth_window,expand_selectively
MLT_OUTLET_001,2023-01,31.260283200509033,50.0,soft,0,90.20838400000001,63.631265825504755,29.27038227973219,70.72961772026781,25.32095011764706,74.80487553546719,79.14,36.68,-47.88,94.58,62.85,growth_window,expand_selectively
MLT_OUTLET_001,2023-02,37.64884831745115,50.0,neutral,0,95.74974399999999,66.3542594061607,30.52295932683392,69.47704067316607,26.830678352941174,75.24731416983414,80.36,38.37,-42.71,99.28,64.84,growth_window,expand_selectively
MLT_OUTLET_001,2023-03,47.746583158640114,50.0,neutral,0,92.457176,69.99790602950922,34.69903677357424,65.30096322642575,26.936934,74.46359099151321,78.05,41.2,-30.3,93.45,66.3,growth_window,expand_selectively
MLT_OUTLET_001,2023-04,60.40564734879251,50.0,neutral,1,91.714128,76.28012556538177,35.08885776007561,64.91114223992439,27.002437294117648,73.75027931170126,77.6,42.96,-17.19,82.55,69.85,growth_window,expand_selectively
MLT_OUTLET_001,2023-05,62.867582899383166,50.0,neutral,1,95.556112,79.10877560006531,36.39003677603005,63.60996322396995,29.994216823529413,75.11589834922901,77.86,45.15,-14.99,82.28,70.05,growth_window,expand_selectively
MLT_OUTLET_001,2023-06,66.9787086131477,50.0,neutral,1,89.76988266666667,90.72819904243565,44.5349715595204,55.4650284404796,38.78778615686275,61.58619271808827,69.81,54.36,-2.83,87.38,65.52,growth_window,expand_selectively
MLT_OUTLET_001,2023-07,77.87288653522843,50.0,supportive,1,70.21597833333334,100.0,69.77483504926876,30.22516495073124,54.20569666666667,49.09445560273282,50.78,72.66,27.09,94.79,55.08,control_window,control_and_monitor
MLT_OUTLET_001,2023-08,85.35234167910885,50.0,supportive,1,92.914832,86.89736861341636,42.47278956217153,57.52721043782847,33.12448505882354,73.96573046040803,74.36,50.77,10.99,65.42,74.01,growth_window,expand_selectively
MLT_OUTLET_001,2023-09,68.28871025774163,50.0,supportive,1,93.57384533333334,89.66943004155412,41.247937819114895,58.752062180885105,33.86886682352941,68.52929803734277,74.13,51.14,-5.84,82.85,68.87,growth_window,expand_selectively
MLT_OUTLET_001,2023-10,69.7403337017511,50.0,supportive,1,96.71719999999999,81.5217512861908,37.50000559164778,62.49999440835222,29.384873529411763,74.86233361921794,78.15,46.07,-8.41,76.33,72.15,growth_window,expand_selectively
MLT_OUTLET_001,2023-11,50.88416672591514,50.0,neutral,0,94.185056,75.06760270971947,34.53109724647096,65.46890275352905,28.26287458823529,73.95457415781524,78.25,42.78,-27.37,91.9,67.15,growth_window,expand_selectively
MLT_OUTLET_001,2023-12,41.3172981835496,50.0,neutral,0,90.95242866666666,89.98844198202224,43.37234331173023,56.62765668826977,35.12839721568628,67.96546773020631,72.25,52.55,-30.93,88.77,59.52,hold_and_optimize,maintain_capacity_optimize_controls
MLT_OUTLET_001,2024-01,37.19252736740731,50.0,neutral,0,93.646672,81.98349741390291,37.71240881039534,62.28759118960466,31.538768588235293,73.15167699270262,76.2,46.93,-39.01,90.26,61.25,growth_window,expand_selectively
MLT_OUTLET_001,2024-02,45.654286249830335,50.0,neutral,0,94.82728,80.34760065382908,36.95989630076137,63.04010369923863,27.033234705882354,74.89782036701229,78.33,44.83,-32.68,99.18,65.43,growth_window,expand_selectively
MLT_OUTLET_001,2024-03,57.29456400666169,50.0,neutral,0,93.210096,82.202378245368,37.81309399286928,62.18690600713072,30.049702235294113,73.79625904724008,76.53,46.58,-19.24,89.29,67.62,growth_window,expand_selectively
MLT_OUTLET_001,2024-04,66.2526455339939,50.0,neutral,1,94.164816,89.03420523138833,40.95573440643863,59.04426559356137,33.60620576470589,74.12572524377032,75.05,50.77,-8.8,84.52,68.71,growth_window,expand_selectively
MLT_OUTLET_001,2024-05,73.44648714020917,50.0,supportive,1,83.04802766666667,95.121317924645,52.66143224533669,47.33856775466331,44.18711615686274,61.479846701573976,63.79,60.73,9.66,87.28,63.02,growth_window,expand_selectively
MLT_OUTLET_001,2024-06,74.34074406025103,50.0,supportive,1,84.70449500000001,96.49290708068504,50.50580725711512,49.49419274288488,41.01281137254902,62.81546253297317,66.0,59.15,8.34,84.81,64.97,growth_window,expand_selectively
MLT_OUTLET_001,2024-07,89.48781312816845,50.0,supportive,1,88.87111466666667,95.14375986419115,49.13363753752793,50.86636246247207,40.08059474509804,62.41738723442563,68.04,57.92,21.45,68.43,70.68,growth_window,expand_selectively
MLT_OUTLET_001,2024-08,93.9835152800011,50.0,supportive,1,80.831315,100.0,56.70881638765031,43.29118361234969,45.349120784313726,62.13719624035662,61.72,64.12,32.26,70.14,67.57,growth_window,expand_selectively
MLT_OUTLET_001,2024-09,71.36462114761268,50.0,supportive,1,83.60129833333333,95.88627753377811,53.86852766553794,46.13147233446206,42.045221764705886,61.87679087709171,64.37,60.83,6.99,89.47,62.77,growth_window,expand_selectively
MLT_OUTLET_001,2024-10,65.33138167470831,50.0,neutral,1,95.293824,89.10627451081773,40.98888627497615,59.01111372502385,31.758533647058826,73.99493491701645,75.98,50.25,-10.65,84.92,69.08,growth_window,expand_selectively
MLT_OUTLET_001,2024-11,35.108362444303765,50.0,neutral,0,92.36144533333334,81.53919081890135,37.50802777669462,62.49197222330538,31.312087411764704,68.42856409333729,75.4,46.66,-40.29,88.45,60.37,growth_window,expand_selectively
MLT_OUTLET_001,2024-12,26.124778070532532,50.0,soft,0,92.30786133333334,92.26503302323393,45.2419151906876,54.7580848093124,38.97979121568628,68.90259141860524,71.19,55.12,-45.07,71.0,53.68,hold_and_optimize,maintain_capacity_optimize_controls
MLT_OUTLET_001,2025-01,14.166249533493101,50.0,soft,0,91.088616,75.96973235038423,37.78591288117675,62.21408711882325,30.010714588235295,74.89288605210504,75.92,45.0,-61.75,69.17,54.45,hold_and_optimize,maintain_capacity_optimize_controls
MLT_OUTLET_001,2025-02,24.584888633893726,50.0,soft,0,84.96406400000001,96.07380493404112,48.32319426965891,51.67680573034109,41.901550509803926,56.179922559468125,65.7,58.33,-41.12,66.25,50.12,hold_and_optimize,maintain_capacity_optimize_controls
MLT_OUTLET_001,2025-03,48.00740001764269,50.0,neutral,0,84.44303733333334,88.67400941702039,49.29298833182937,50.70701166817063,42.17259482352941,61.65740412819352,65.75,57.0,-17.74,91.01,56.98,hold_and_optimize,maintain_capacity_optimize_controls
MLT_OUTLET_001,2025-04,71.4020784837731,50.0,supportive,1,95.87907200000001,81.47318836203492,37.47766664653607,62.52233335346393,28.71230094117647,74.6394160825606,78.04,45.85,-6.64,74.45,72.71,growth_window,expand_selectively
MLT_OUTLET_001,2025-05,75.68468993714201,50.0,supportive,1,93.67370666666667,90.02573987364062,44.21184034187469,55.78815965812531,34.416416862745095,62.99775508032506,72.71,52.73,2.97,77.05,70.0,growth_window,expand_selectively
MLT_OUTLET_001,2025-06,76.05370488434785,50.0,supportive,1,79.47282100000001,96.26428522317016,57.62402720265827,42.37597279734173,47.71261596078431,61.99389701044969,60.3,64.31,15.75,88.26,61.14,growth_window,expand_selectively
MLT_OUTLET_001,2025-07,93.63885871170955,50.0,supportive,1,88.54989866666668,96.31095181678569,47.103037835721416,52.896962164278584,39.266556627450974,62.584812835701925,68.7,57.05,24.94,63.41,72.62,growth_window,expand_selectively
MLT_OUTLET_001,2025-08,100.0,50.0,supportive,1,82.80248533333335,99.68570748157316,53.95542544152366,46.04457455847634,43.483281725490194,50.10972902934226,62.46,62.25,37.54,62.25,70.37,growth_window,expand_selectively
MLT_OUTLET_001,2025-09,84.10008344331533,50.0,supportive,1,83.339961,97.97766766688441,53.76243312676682,46.23756687323318,41.65342596078431,61.31406179818825,64.36,61.18,19.74,77.08,66.66,growth_window,expand_selectively
MLT_OUTLET_001,2025-10,89.35567108408901,50.0,supportive,1,94.131472,83.97046857964749,41.12641554663784,58.87358445336216,31.70120388235294,75.08925661516335,75.66,49.01,13.7,59.65,76.15,growth_window,expand_selectively
MLT_OUTLET_001,2025-11,65.52435614866268,50.0,neutral,1,95.206688,81.78432698491788,37.62079041306223,62.37920958693777,28.14632141176471,73.45211427348298,77.82,45.82,-12.3,80.3,70.92,growth_window,expand_selectively
MLT_OUTLET_001,2025-12,54.97482478611302,50.0,neutral,0,95.605712,91.2158565128299,41.95929399590175,58.04070600409825,35.04719329411765,75.11808847850074,74.97,52.2,-20.0,97.23,64.93,growth_window,expand_selectively
MLT_OUTLET_002,2017-01,31.653118516332114,50.0,soft,0,97.265552,61.54114304366822,28.308925800087383,71.69107419991262,23.461935647058823,74.15474807190124,82.34,35.16,-50.69,96.49,64.67,growth_window,expand_selectively
MLT_OUTLET_002,2017-02,37.097945263030894,50.0,neutral,0,96.075304,63.62200201062759,29.26612092488869,70.7338790751113,24.74958894117647,74.44582494586773,81.33,36.5,-44.23,99.4,65.56,growth_window,expand_selectively
MLT_OUTLET_002,2017-03,46.49504000528568,50.0,neutral,0,91.156624,67.3677521433486,30.98916598594036,69.01083401405964,25.896504235294117,75.75845282690983,78.96,38.56,-32.46,92.06,67.0,growth_window,expand_selectively
MLT_OUTLET_002,2017-04,58.4052753402119,50.0,neutral,0,94.09166400000001,82.48872529657136,37.94481363642283,62.05518636357717,30.761867176470588,75.18042470355385,76.74,46.93,-18.33,88.52,67.91,growth_window,expand_selectively
MLT_OUTLET_002,2017-05,60.219212160515234,50.0,neutral,1,90.66781866666668,84.02927636628631,41.4534671284917,58.5465328715083,35.61748956862745,62.75017332859998,71.96,50.35,-11.74,90.13,65.29,growth_window,expand_selectively
MLT_OUTLET_002,2017-06,64.25378166830768,50.0,neutral,1,84.01582533333334,84.97378839390912,48.10055466119819,51.89944533880181,40.93766329411764,61.82994161765853,66.28,55.17,-2.03,90.92,62.43,growth_window,expand_selectively
MLT_OUTLET_002,2017-07,79.0044246039868,50.0,supportive,1,83.65939266666666,91.26464754664292,51.76686387145574,48.23313612854426,40.10728498039215,62.00534968188485,65.51,58.14,13.49,79.14,66.12,growth_window,expand_selectively
MLT_OUTLET_002,2017-08,79.90938215694597,50.0,supportive,1,95.683744,86.73236133301229,39.89688621318566,60.10311378681434,32.408331294117644,75.01214796411122,76.29,49.36,3.62,69.45,73.64,growth_window,expand_selectively
MLT_OUTLET_002,2017-09,67.97652467860398,50.0,supportive,1,95.780144,73.30512482061276,33.72035741748187,66.27964258251814,27.593134235294116,74.60750048559889,79.28,41.78,-11.3,73.8,72.91,growth_window,expand_selectively
MLT_OUTLET_002,2017-10,66.71420907600394,50.0,neutral,1,92.16043200000001,78.2783192805433,36.00802686904992,63.99197313095008,29.092079176470587,73.72713178860076,76.9,44.5,-10.19,77.79,71.01,growth_window,expand_selectively
MLT_OUTLET_002,2017-11,48.18645816950233,50.0,neutral,0,96.469056,70.92801652622785,32.62688760206481,67.37311239793519,25.69171576470588,73.6761995550631,80.27,40.12,-32.08,91.93,67.82,growth_window,expand_selectively
MLT_OUTLET_002,2017-12,38.048865266104634,50.0,neutral,0,80.809876,97.10159620605364,57.99033025478468,42.00966974521532,47.25386439215686,49.4053662983612,59.55,64.55,-21.5,73.5,49.45,control_window,avoid_overstaffing_recalibrate_capacity
MLT_OUTLET_002,2018-01,35.57888628674392,50.0,neutral,0,90.540096,65.05027030223079,32.42312433902616,67.57687566097384,25.564231647058826,74.9893215687861,78.41,38.52,-42.83,97.06,63.34,growth_window,expand_selectively
MLT_OUTLET_002,2018-02,40.896167234374744,50.0,neutral,0,92.771488,68.38547624111233,31.457319070911677,68.54268092908832,27.076650823529413,75.0150775627393,78.98,39.38,-38.08,98.48,65.08,growth_window,expand_selectively
MLT_OUTLET_002,2018-03,53.73707036779296,50.0,neutral,0,96.50054399999999,72.65397413420716,33.420828101735296,66.5791718982647,25.438260705882353,74.3230314656175,80.22,40.83,-26.48,87.09,69.38,growth_window,expand_selectively
MLT_OUTLET_002,2018-04,61.18815806199329,50.0,neutral,1,94.63288,74.54319380924886,34.289869152254475,65.71013084774552,27.427169999999997,73.94191785898177,78.72,42.29,-17.53,81.1,70.59,growth_window,expand_selectively
MLT_OUTLET_002,2018-05,68.36426103511747,50.0,supportive,1,95.954368,76.21060785176826,35.05687961181339,64.9431203881866,28.23820023529412,75.32087594245239,78.88,43.3,-10.52,74.94,72.57,growth_window,expand_selectively
MLT_OUTLET_002,2018-06,69.41457483656399,50.0,supportive,1,71.07489533333334,96.4798580939042,67.42238672319593,32.57761327680407,54.218251137254896,49.4957051325168,51.7,70.73,17.71,98.68,53.26,control_window,control_and_monitor
MLT_OUTLET_002,2018-07,81.47461903233243,50.0,supportive,1,96.141584,83.79810342804386,38.54712757690017,61.45287242309983,32.17296482352941,74.81849721539882,76.84,47.95,4.63,66.48,74.57,growth_window,expand_selectively
MLT_OUTLET_002,2018-08,82.9403184766895,50.0,supportive,1,82.64358033333335,99.43352434243812,58.70980319752154,41.29019680247846,46.298865647058825,61.06463915078551,61.46,65.17,21.48,82.23,63.71,growth_window,expand_selectively
MLT_OUTLET_002,2018-09,69.73559382408303,50.0,supportive,1,93.929584,76.9652339990723,37.90400763957325,62.09599236042675,30.083058941176468,75.33568408464036,76.91,45.32,-7.17,75.58,71.49,growth_window,expand_selectively
MLT_OUTLET_002,2018-10,67.37599654132563,50.0,supportive,1,95.17135999999999,75.31666780155707,34.64566718871625,65.35433281128374,27.53838117647059,73.83931855918885,78.77,42.68,-11.39,75.3,72.39,growth_window,expand_selectively
MLT_OUTLET_002,2018-11,47.84489971208834,50.0,neutral,0,95.430016,79.13787490596889,36.40342245674569,63.59657754325431,29.60335576470588,73.58946490637776,77.78,45.05,-29.94,97.21,65.56,growth_window,expand_selectively
MLT_OUTLET_002,2018-12,37.754131054744875,50.0,neutral,0,71.20793433333334,95.31825214364564,67.41461198607699,32.58538801392301,53.394994784313724,50.29836433536022,52.08,70.18,-14.33,67.57,44.04,control_window,control_and_monitor
MLT_OUTLET_002,2019-01,32.676070296694796,50.0,soft,0,88.76149333333333,74.75167412603511,39.68577009797615,60.31422990202385,32.086743921568626,68.67082992737598,73.39,46.17,-40.71,86.51,58.39,hold_and_optimize,maintain_capacity_optimize_controls
MLT_OUTLET_002,2019-02,37.461407700577624,50.0,neutral,0,93.82664,67.82170146549105,31.19798267412588,68.80201732587412,26.46564235294118,75.67390611439063,79.67,38.93,-42.21,98.53,64.46,growth_window,expand_selectively
MLT_OUTLET_002,2019-03,49.230164868744886,50.0,neutral,0,95.039976,76.30683936770028,35.10114610914213,64.89885389085788,29.17314870588235,74.26458509394654,78.16,43.62,-28.93,94.39,66.39,growth_window,expand_selectively
MLT_OUTLET_002,2019-04,63.657418878070956,50.0,neutral,1,91.750496,75.92823147805014,37.42698647990306,62.57301352009694,28.926963999999998,73.93362838328326,76.47,44.5,-12.81,80.84,69.73,growth_window,expand_selectively
MLT_OUTLET_002,2019-05,64.18038538078095,50.0,neutral,1,85.20512566666667,86.2961172678234,46.10854394319876,53.89145605680124,39.2544128627451,62.84415682435432,67.8,54.1,-3.62,89.92,63.57,growth_window,expand_selectively
MLT_OUTLET_002,2019-06,68.56161230529696,50.0,supportive,1,95.421616,86.1775940437888,39.64169326014285,60.35830673985715,31.986599882352937,73.78158400651338,76.27,48.98,-7.71,80.42,70.33,growth_window,expand_selectively
MLT_OUTLET_002,2019-07,79.55654853598824,50.0,supportive,1,83.751632,94.73638442398263,52.759858835032006,47.240141164967994,42.80715760784314,56.23995503473893,63.9,60.27,15.66,80.71,65.09,growth_window,expand_selectively
MLT_OUTLET_002,2019-08,81.95025857469005,50.0,supportive,1,85.23122633333335,97.86424809830308,54.423862125219415,45.576137874780585,46.37868552941177,56.25973539627673,62.94,62.87,19.01,80.92,64.64,growth_window,expand_selectively
MLT_OUTLET_002,2019-09,68.14292311128443,50.0,supportive,1,87.56471266666668,95.2009979179129,48.81671904223993,51.18328095776007,40.9653708627451,60.93055260851977,67.25,58.06,0.89,89.92,63.88,growth_window,expand_selectively
MLT_OUTLET_002,2019-10,67.49700705451794,50.0,supportive,1,97.145968,79.50214414201959,36.570986305329015,63.429013694670985,28.429462,74.07243265771487,78.74,44.86,-11.24,77.36,72.0,growth_window,expand_selectively
MLT_OUTLET_002,2019-11,48.829717022121585,50.0,neutral,0,93.255856,66.94687015752511,30.795560272461557,69.20443972753844,25.663489294117642,74.1663592649897,79.66,38.29,-30.83,89.46,68.04,growth_window,expand_selectively
MLT_OUTLET_002,2019-12,39.988624293596644,50.0,neutral,0,95.341424,80.4709122968687,37.016619656559605,62.983380343440395,28.260195411764705,74.75875043816123,78.11,45.25,-38.12,94.74,63.45,growth_window,expand_selectively
MLT_OUTLET_002,2020-01,34.93110300544152,50.0,neutral,0,91.459184,61.89148616770319,28.470083637143468,71.52991636285654,27.386564823529408,75.37524075702338,79.21,36.5,-44.28,98.43,63.78,growth_window,expand_selectively
MLT_OUTLET_002,2020-02,41.46085902382938,50.0,neutral,0,95.426936,60.95685957548426,28.04015540472276,71.95984459527725,23.355785764705885,74.36662878066004,81.82,34.86,-40.36,93.4,67.46,growth_window,expand_selectively
MLT_OUTLET_002,2020-03,16.751445842229582,50.0,soft,0,94.833552,60.00000000000001,27.600000000000005,72.39999999999999,22.02296505882353,62.18994038461538,80.9,34.03,-64.15,82.72,59.94,hold_and_optimize,maintain_capacity_optimize_controls
MLT_OUTLET_002,2020-04,0.0,50.0,soft,0,95.0796,65.47028787093909,30.116332420631984,69.88366757936802,25.98062647058823,64.07923840347472,79.36,37.71,-79.36,62.29,53.33,hold_and_optimize,maintain_capacity_optimize_controls
MLT_OUTLET_002,2020-05,0.10765267612774976,50.0,soft,0,91.920064,60.95208930217218,28.037961078999206,71.9620389210008,24.38848776470588,63.78558221109536,79.22,35.17,-79.11,64.94,53.86,hold_and_optimize,maintain_capacity_optimize_controls
MLT_OUTLET_002,2020-06,1.9869423551877603,50.0,soft,0,93.546528,65.47544185583247,30.118703253682938,69.88129674631706,25.27134023529412,63.755049642342975,79.01,37.5,-77.02,64.49,53.89,hold_and_optimize,maintain_capacity_optimize_controls
MLT_OUTLET_002,2020-07,20.347145767756047,50.0,soft,0,96.27292800000001,61.91694095502926,28.481792839313464,71.51820716068653,21.49140494117647,69.49840543582614,82.08,34.74,-61.73,85.61,61.44,growth_window,expand_selectively
MLT_OUTLET_002,2020-08,35.343903260533125,50.0,neutral,0,96.78993600000001,59.99998310692387,27.59999222918498,72.40000777081502,20.80272105882353,70.38584083942898,82.77,33.66,-47.43,98.32,66.45,growth_window,expand_selectively
MLT_OUTLET_002,2020-09,19.999554738764516,50.0,soft,0,93.374968,62.03896201553388,28.537922527145582,71.46207747285442,25.257138470588238,70.29794525342794,80.0,35.93,-60.0,84.07,59.93,hold_and_optimize,maintain_capacity_optimize_controls
MLT_OUTLET_002,2020-10,16.000390680825973,50.0,soft,0,96.604112,60.2244309073421,27.703238217377365,72.29676178262264,22.048446235294115,69.9960730140331,82.27,34.14,-66.27,81.86,60.25,growth_window,expand_selectively
MLT_OUTLET_002,2020-11,6.766319003821347,50.0,soft,0,94.367312,60.00000765013485,27.600003519062028,72.39999648093797,23.84920505882353,70.9886401786502,81.07,34.57,-74.3,72.2,56.74,hold_and_optimize,maintain_capacity_optimize_controls
MLT_OUTLET_002,2020-12,7.757240701760433,50.0,soft,0,94.672008,60.00000728111245,27.60000334931173,72.39999665068827,24.14341905882353,71.86694018858543,81.18,34.66,-73.42,73.1,57.04,hold_and_optimize,maintain_capacity_optimize_controls
MLT_OUTLET_002,2021-01,6.219581296442722,50.0,soft,0,95.79648,59.9999842942257,27.599992775343814,72.40000722465618,22.63546705882353,71.09726580746316,81.95,34.21,-75.73,72.01,57.11,hold_and_optimize,maintain_capacity_optimize_controls
MLT_OUTLET_002,2021-02,8.293995939504798,50.0,soft,0,91.58475200000001,66.82746262128647,30.740632805791776,69.25936719420822,25.465617999999996,70.04442408327306,78.73,38.18,-70.44,70.11,55.55,hold_and_optimize,maintain_capacity_optimize_controls
MLT_OUTLET_002,2021-03,4.883653957331047,50.0,soft,0,94.196144,60.00001690141321,27.60000777465008,72.39999222534992,23.36649305882353,70.04768992957733,81.06,34.43,-76.18,70.45,56.24,hold_and_optimize,maintain_capacity_optimize_controls
MLT_OUTLET_002,2021-04,4.162187123188702,50.0,soft,0,93.776768,61.89740288233637,28.47280532587473,71.52719467412527,23.98266494117647,69.93358146086017,80.5,35.48,-76.34,68.68,55.58,hold_and_optimize,maintain_capacity_optimize_controls
MLT_OUTLET_002,2021-05,9.378781578537259,50.0,soft,0,95.910736,60.84212103237666,27.987375674893265,72.01262432510674,24.381559294117647,70.82216789528216,81.34,35.12,-71.96,74.26,57.49,hold_and_optimize,maintain_capacity_optimize_controls
MLT_OUTLET_002,2021-06,26.853561479445087,50.0,soft,0,95.10612800000001,68.28100802477827,31.409263691398003,68.590736308602,24.44796082352941,70.68344016856366,80.17,38.54,-53.32,88.31,61.75,growth_window,expand_selectively
MLT_OUTLET_002,2021-07,44.9988904377277,50.0,neutral,0,92.73793599999999,62.533001065344216,31.319486490058345,68.68051350994165,24.065391647058824,70.90931920208689,79.5,36.95,-34.5,91.95,66.99,growth_window,expand_selectively
MLT_OUTLET_002,2021-08,56.03275111835977,50.0,neutral,0,97.057808,60.02557667352592,27.61176526982192,72.38823473017808,22.22668670588235,70.95852678186662,82.5,34.1,-26.47,78.07,72.33,growth_window,expand_selectively
MLT_OUTLET_002,2021-09,52.192444778629756,50.0,neutral,0,92.18163200000001,68.81438151515844,34.15461549697288,65.84538450302712,28.217929176470587,70.38880511305342,77.3,41.04,-25.11,88.85,67.22,growth_window,expand_selectively
MLT_OUTLET_002,2021-10,50.34762693715569,50.0,neutral,0,94.250416,64.63154741235505,29.730511809683325,70.26948819031668,25.287017529411763,70.91776987735966,80.06,37.12,-29.71,86.77,68.88,growth_window,expand_selectively
MLT_OUTLET_002,2021-11,34.5996706503184,50.0,neutral,0,94.6208,60.0,27.6,72.4,21.445747058823528,70.0519903846154,81.79,33.85,-47.19,99.25,65.74,growth_window,expand_selectively
MLT_OUTLET_002,2021-12,23.262888696899907,50.0,soft,0,94.482512,59.99999200533086,27.5999963224522,72.4000036775478,22.35690505882353,71.68961559985648,81.63,34.13,-58.37,89.13,62.14,growth_window,expand_selectively
MLT_OUTLET_002,2022-01,16.555243633302954,50.0,soft,0,85.86990933333334,63.59164125351365,35.27125097661628,64.72874902338373,29.46329380392157,68.55746735086694,74.25,40.61,-57.69,75.95,54.96,hold_and_optimize,maintain_capacity_optimize_controls
MLT_OUTLET_002,2022-02,23.966257816309632,50.0,soft,0,91.55061599999999,63.47681531545466,29.199335045109144,70.80066495489086,26.56787047058824,74.62360881843007,79.23,36.98,-55.26,86.99,60.52,growth_window,expand_selectively
MLT_OUTLET_002,2022-03,31.380934632059816,50.0,soft,0,83.859112,64.63244242123767,29.730923513769326,70.26907648623067,30.853537411764705,75.84657078096669,75.25,38.79,-43.87,92.59,60.43,growth_window,expand_selectively
MLT_OUTLET_002,2022-04,49.06635182388338,50.0,neutral,0,92.17174399999999,65.07330913373536,32.433722201518265,67.56627779848174,25.208440117647058,75.21400129255328,79.11,38.43,-30.04,89.36,67.72,growth_window,expand_selectively
MLT_OUTLET_002,2022-05,52.77307979296789,50.0,neutral,0,94.266784,73.2792184422502,33.70844048343509,66.29155951656492,28.662979529411764,74.56014796501634,78.42,42.09,-25.65,89.32,67.84,growth_window,expand_selectively
MLT_OUTLET_002,2022-06,58.80012151322749,50.0,neutral,0,94.51445333333334,79.07405485689084,36.37406523416978,63.62593476583022,30.307562352941176,68.49565813846833,76.74,45.23,-17.94,86.43,68.33,growth_window,expand_selectively
MLT_OUTLET_002,2022-07,70.391779615797,50.0,supportive,1,93.62091733333334,82.22196642054892,40.6221045534525,59.3778954465475,35.21277168627451,68.70720667329292,73.92,49.4,-3.53,79.01,69.31,growth_window,expand_selectively
MLT_OUTLET_002,2022-08,77.8723838209303,50.0,supportive,1,86.93181866666669,88.85594791562674,45.5704280411883,54.4295719588117,39.43671898039216,62.65409947919467,68.47,54.55,9.4,76.68,68.0,growth_window,expand_selectively
MLT_OUTLET_002,2022-09,59.95952431736784,50.0,neutral,0,95.969728,70.4174160215044,32.392011369892025,67.60798863010797,27.687740235294118,74.55509649172873,79.64,40.49,-19.68,80.53,70.83,growth_window,expand_selectively
MLT_OUTLET_002,2022-10,59.86307498845552,50.0,neutral,0,91.249968,67.18077839375842,30.90315806112887,69.09684193887114,30.305456117647054,75.64246173555266,77.68,39.79,-17.82,79.93,69.85,growth_window,expand_selectively
MLT_OUTLET_002,2022-11,43.89004632871339,50.0,neutral,0,82.556224,63.484894030677516,33.12735525411166,66.87264474588834,28.917510117647062,75.89916631455867,74.53,39.45,-30.64,95.56,63.67,growth_window,expand_selectively
MLT_OUTLET_002,2022-12,35.06396321280399,50.0,neutral,0,88.4582,65.66590830161665,33.85711781874366,66.14288218125634,28.2442,75.02299669957186,76.53,40.13,-41.47,94.93,61.82,growth_window,expand_selectively
MLT_OUTLET_002,2023-01,31.260283200509033,50.0,soft,0,94.643472,62.483393853511636,28.742361172615357,71.25763882738464,23.849171529411763,74.867554780867,81.27,35.71,-50.01,95.55,64.0,growth_window,expand_selectively
MLT_OUTLET_002,2023-02,37.64884831745115,50.0,neutral,0,89.295848,63.016839646410396,28.98774623734878,71.01225376265123,27.093449647058826,75.10831777875049,78.39,36.93,-40.74,99.28,64.24,growth_window,expand_selectively
MLT_OUTLET_002,2023-03,47.746583158640114,50.0,neutral,0,91.430352,66.3788077244279,33.034251553236835,66.96574844676317,24.90780035294118,74.4699532535731,78.72,38.93,-30.97,91.18,67.12,growth_window,expand_selectively
MLT_OUTLET_002,2023-04,60.40564734879251,50.0,neutral,1,94.79208,65.31705890617935,30.0458470968425,69.9541529031575,22.71535235294117,74.32133879867979,81.28,36.66,-20.87,76.25,72.72,growth_window,expand_selectively
MLT_OUTLET_002,2023-05,62.867582899383166,50.0,neutral,1,89.527776,87.43208854468156,46.85835673055352,53.14164326944648,34.66653105882353,75.05675915456627,71.73,53.34,-8.86,90.47,65.32,growth_window,expand_selectively
MLT_OUTLET_002,2023-06,66.9787086131477,50.0,neutral,1,88.30173866666667,86.27469511886397,42.742671754677424,57.257328245322576,38.083993098039215,61.71981974679982,69.97,52.23,-2.99,85.25,65.96,growth_window,expand_selectively
MLT_OUTLET_002,2023-07,77.87288653522843,50.0,supportive,1,86.37152766666668,84.77467264827646,44.60785941820717,55.39214058179283,39.842939686274505,62.63250758912686,68.39,53.22,9.48,75.35,68.05,growth_window,expand_selectively
MLT_OUTLET_002,2023-08,85.35234167910885,50.0,supportive,1,94.644912,87.26918707751871,40.14382605565861,59.85617394434139,34.43936976470589,73.60429496329758,75.12,50.21,10.23,64.86,74.47,growth_window,expand_selectively
MLT_OUTLET_002,2023-09,68.28871025774163,50.0,supportive,1,95.182512,73.07290492673808,33.61353626629951,66.38646373370048,24.61374035294118,73.03377755966474,79.83,40.78,-11.54,72.49,73.68,growth_window,expand_selectively
MLT_OUTLET_002,2023-10,69.7403337017511,50.0,supportive,1,88.54173333333333,71.6543122059576,38.81188361474049,61.18811638525951,32.37488039215687,68.19092044060883,73.39,45.09,-3.65,75.35,69.6,growth_window,expand_selectively
MLT_OUTLET_002,2023-11,50.88416672591514,50.0,neutral,0,93.954272,74.28108151353595,34.16929749622654,65.83070250377347,28.364871529411765,75.15969972848171,78.35,42.46,-27.47,91.58,67.23,growth_window,expand_selectively
MLT_OUTLET_002,2023-12,41.3172981835496,50.0,neutral,0,87.526903,82.46575546895839,43.49566551572087,56.50433448427913,34.80319905882353,74.8642918956996,71.81,50.63,-30.49,90.69,59.37,hold_and_optimize,maintain_capacity_optimize_controls
MLT_OUTLET_002,2024-01,37.19252736740731,50.0,neutral,0,89.52234133333334,75.20217767120944,40.97431972875634,59.02568027124366,32.89694356862744,68.69495098577512,73.09,47.11,-35.9,90.08,59.31,hold_and_optimize,maintain_capacity_optimize_controls
MLT_OUTLET_002,2024-02,45.654286249830335,50.0,neutral,0,89.771232,69.77263112045713,35.18303231541027,64.81696768458973,28.445943882352942,75.60028108521846,76.65,41.81,-31.0,96.16,64.81,growth_window,expand_selectively
MLT_OUTLET_002,2024-03,57.29456400666169,50.0,neutral,0,90.35317333333333,83.78053926858526,38.53904806354922,61.46095193645078,30.836336470588243,68.87154509661501,74.63,47.54,-17.34,90.25,66.63,growth_window,expand_selectively
MLT_OUTLET_002,2024-04,66.2526455339939,50.0,neutral,1,96.821392,78.27683984166941,36.00734632716793,63.99265367283207,27.477483882352942,74.31127161964736,79.07,44.02,-12.82,77.77,71.98,growth_window,expand_selectively
MLT_OUTLET_002,2024-05,73.44648714020917,50.0,supportive,1,96.650864,77.8399594659966,35.80638135435844,64.19361864564155,30.550008352941177,74.62315878360778,78.17,44.74,-4.72,71.29,73.35,growth_window,expand_selectively
MLT_OUTLET_002,2024-06,74.34074406025103,50.0,supportive,1,96.703616,87.30683754545943,40.16114527091133,59.83885472908867,30.738608705882356,74.63688129685302,77.05,49.12,-2.71,74.78,72.49,growth_window,expand_selectively
MLT_OUTLET_002,2024-07,89.48781312816845,50.0,supportive,1,94.5648,86.3260996573329,39.710005842373135,60.289994157626865,31.763923529411766,74.91836077845642,76.13,48.98,13.36,59.49,76.58,growth_window,expand_selectively
MLT_OUTLET_002,2024-08,93.9835152800011,50.0,supportive,1,79.91287533333335,100.0,59.84326946835623,40.15673053164377,49.42713584313725,50.09831559220029,58.19,66.76,35.79,72.78,65.08,supported_but_not_roster_ready,stabilize_roster_before_expansion
MLT_OUTLET_002,2024-09,71.36462114761268,50.0,supportive,1,81.04215,84.73914291495497,51.28387574087928,48.71612425912072,41.55474019607843,62.039478152059104,64.28,56.73,7.08,85.37,63.2,growth_window,expand_selectively
MLT_OUTLET_002,2024-10,65.33138167470831,50.0,neutral,1,94.64585233333332,80.56577345782033,38.89238579059735,61.10761420940265,32.02101756862745,75.18965034018966,76.32,47.25,-10.99,81.92,69.49,growth_window,expand_selectively
MLT_OUTLET_002,2024-11,35.108362444303765,50.0,neutral,0,95.87704,75.51837986817569,34.73845473936082,65.26154526063918,28.177368823529413,73.71403784970296,78.79,42.97,-43.68,92.14,62.61,growth_window,expand_selectively
MLT_OUTLET_002,2024-12,26.124778070532532,50.0,soft,0,86.79728133333333,90.36725185533035,48.22199385345196,51.77800614654804,39.87518788235294,61.90982130966012,67.55,56.25,-41.43,69.87,51.64,hold_and_optimize,maintain_capacity_optimize_controls
MLT_OUTLET_002,2025-01,14.166249533493101,50.0,soft,0,94.17686400000001,72.07036424597337,35.652367553147755,64.34763244685224,26.524640705882355,75.4793440395315,78.64,42.02,-64.47,72.15,56.38,hold_and_optimize,maintain_capacity_optimize_controls
MLT_OUTLET_002,2025-02,24.584888633893726,50.0,soft,0,96.00643199999999,77.40721223249626,35.60731762694829,64.39268237305171,28.842852705882354,74.31620967066357,78.48,44.03,-53.9,80.55,59.1,hold_and_optimize,maintain_capacity_optimize_controls
MLT_OUTLET_002,2025-03,48.00740001764269,50.0,neutral,0,95.292224,77.95513326912463,38.35936130379733,61.64063869620267,28.815780705882354,75.02825795044664,77.62,45.4,-29.61,97.39,65.37,growth_window,expand_selectively
MLT_OUTLET_002,2025-04,71.4020784837731,50.0,supportive,1,93.45460800000001,83.49144999970748,38.406066999865445,61.593933000134555,31.8232514117647,74.56120326923865,76.02,47.7,-4.62,76.3,71.29,growth_window,expand_selectively
MLT_OUTLET_002,2025-05,75.68468993714201,50.0,supportive,1,96.42550399999999,83.34550566266401,38.338932604825445,61.661067395174555,30.767418352941174,74.30625753985136,77.36,47.32,-1.68,71.64,73.28,growth_window,expand_selectively
MLT_OUTLET_002,2025-06,76.05370488434785,50.0,supportive,1,95.804288,85.22254433477782,39.2023703939978,60.7976296060022,31.26038611764706,74.49867188329445,76.8,48.32,-0.75,72.27,72.97,growth_window,expand_selectively
MLT_OUTLET_002,2025-07,93.63885871170955,50.0,supportive,1,72.29951666666668,100.0,69.2425868714584,30.7574131285416,53.67192352941177,49.810931577669535,51.87,72.26,41.77,78.62,60.4,control_window,control_and_monitor
MLT_OUTLET_002,2025-08,100.0,50.0,supportive,1,71.70838366666666,100.0,68.25485988737779,31.74514011262221,55.30022799999999,48.07505745467411,51.25,72.3,48.75,72.3,61.97,control_window,control_and_monitor
MLT_OUTLET_002,2025-09,84.10008344331533,50.0,supportive,1,83.97427233333335,86.50557874759184,48.56566022389224,51.43433977610776,39.47853482352941,62.565814072611,66.66,55.32,17.44,71.22,68.69,growth_window,expand_selectively
MLT_OUTLET_002,2025-10,89.35567108408901,50.0,supportive,1,81.60735133333334,89.49606695857712,51.02487880094547,48.97512119905453,40.902153176470584,62.61459849568805,64.8,57.61,24.56,68.25,68.94,growth_window,expand_selectively
MLT_OUTLET_002,2025-11,65.52435614866268,50.0,neutral,1,92.69604799999999,75.40465210195539,37.18613996689948,62.81386003310052,28.475776117647058,74.4446247511012,77.05,44.13,-11.53,78.61,70.63,growth_window,expand_selectively
MLT_OUTLET_002,2025-12,54.97482478611302,50.0,neutral,0,96.069504,85.84925728819056,39.49065835256766,60.50934164743234,32.712194823529416,75.46694884224102,76.48,49.05,-21.51,94.08,66.25,growth_window,expand_selectively
MLT_OUTLET_003,2017-01,31.653118516332114,50.0,soft,0,94.383656,60.331326091444915,27.75241000206466,72.24758999793534,23.604121647058825,73.99224506676879,81.41,34.65,-49.76,97.0,64.36,growth_window,expand_selectively
MLT_OUTLET_003,2017-02,37.097945263030894,50.0,neutral,0,92.75540000000001,62.279908892851395,28.648758090711645,71.35124190928835,28.099138235294113,74.90965822211555,79.36,36.89,-42.26,99.79,64.36,growth_window,expand_selectively
MLT_OUTLET_003,2017-03,46.49504000528568,50.0,neutral,0,94.40955199999999,68.51224387919665,31.51563218443045,68.48436781556956,26.947018000000003,74.81473958786779,79.56,39.39,-33.06,92.89,67.0,growth_window,expand_selectively
MLT_OUTLET_003,2017-04,58.4052753402119,50.0,neutral,0,87.58058400000002,64.37784037106262,35.567920570688806,64.43207942931119,28.819329529411768,74.72117545154832,75.59,40.75,-17.18,82.34,68.1,growth_window,expand_selectively
MLT_OUTLET_003,2017-05,60.219212160515234,50.0,neutral,1,95.698688,76.4713515554035,35.17682171548561,64.8231782845144,29.597886117647057,73.92133091966221,78.21,43.83,-17.99,83.61,69.63,growth_window,expand_selectively
MLT_OUTLET_003,2017-06,64.25378166830768,50.0,neutral,1,86.782262,87.94696415683237,47.954725512142886,52.045274487857114,41.79753054901961,60.3670537391223,66.88,56.11,-2.63,91.86,62.57,growth_window,expand_selectively
MLT_OUTLET_003,2017-07,79.0044246039868,50.0,supportive,1,74.66855466666667,97.25983400786647,64.05979164361858,35.94020835638142,52.74497435294117,49.98765372852756,54.29,68.97,24.71,89.97,57.9,control_window,control_and_monitor
MLT_OUTLET_003,2017-08,79.90938215694597,50.0,supportive,1,84.186374,87.84279303908542,49.984288797979296,50.015711202020704,38.860706196078425,61.67226120044084,66.48,56.11,13.43,76.2,67.24,growth_window,expand_selectively
MLT_OUTLET_003,2017-09,67.97652467860398,50.0,supportive,1,92.090928,71.69637517043938,35.49667057840212,64.50332942159788,29.280084352941174,73.61388797618048,76.94,42.68,-8.96,74.7,71.45,growth_window,expand_selectively
MLT_OUTLET_003,2017-10,66.71420907600394,50.0,neutral,1,93.58581600000001,65.83865532476558,30.285781449392168,69.71421855060782,25.750746941176473,75.43124581817939,80.0,37.81,-13.29,71.1,73.61,growth_window,expand_selectively
MLT_OUTLET_003,2017-11,48.18645816950233,50.0,neutral,0,93.737136,66.11493847337296,32.912871697751555,67.08712830224844,25.662726941176473,72.84080742571687,79.17,39.04,-30.98,90.85,67.34,growth_window,expand_selectively
MLT_OUTLET_003,2017-12,38.048865266104634,50.0,neutral,0,93.99628799999999,77.26767848579613,35.54313210346622,64.45686789653378,29.299721411764708,75.41906634845932,77.76,44.1,-39.71,93.95,62.79,growth_window,expand_selectively
MLT_OUTLET_003,2018-01,35.57888628674392,50.0,neutral,0,87.647096,61.484553400351714,31.985410564161796,68.0145894358382,27.255622823529414,74.16129663922132,76.92,37.94,-41.34,97.64,62.56,growth_window,expand_selectively
MLT_OUTLET_003,2018-02,40.896167234374744,50.0,neutral,0,90.390832,67.61516493594894,33.60297587053651,66.39702412946349,28.39852917647059,75.24571671326291,77.24,40.54,-36.34,99.64,63.86,growth_window,expand_selectively
MLT_OUTLET_003,2018-03,53.73707036779296,50.0,neutral,0,96.00661600000001,68.40464198077527,31.46613531115662,68.53386468884338,26.838346941176468,74.78498656205605,80.16,39.31,-26.42,85.57,69.44,growth_window,expand_selectively
MLT_OUTLET_003,2018-04,61.18815806199329,50.0,neutral,1,93.17987733333334,82.82752481220709,38.10066141361526,61.89933858638474,31.542645999999998,67.06917817813289,75.33,47.31,-14.14,86.12,68.04,growth_window,expand_selectively
MLT_OUTLET_003,2018-05,68.36426103511747,50.0,supportive,1,84.70928233333333,80.84398937535082,47.61798511266138,52.38201488733862,39.29607188235294,62.11869972567401,67.17,53.43,1.19,85.07,64.34,growth_window,expand_selectively
MLT_OUTLET_003,2018-06,69.41457483656399,50.0,supportive,1,83.01234400000001,83.0416367302739,47.64415689592599,52.35584310407401,38.191839137254895,62.027531855410224,66.89,53.66,2.52,84.25,64.7,growth_window,expand_selectively
MLT_OUTLET_003,2018-07,81.47461903233243,50.0,supportive,1,94.456896,81.85497561106672,40.15328878109069,59.84671121890931,29.047134588235295,73.37708719508667,76.65,47.25,4.82,65.78,74.72,growth_window,expand_selectively
MLT_OUTLET_003,2018-08,82.9403184766895,50.0,supportive,1,74.89308666666668,97.05459327625574,61.36370290707764,38.63629709292236,48.378480980392155,61.10231882469519,57.47,66.39,25.47,83.45,61.41,control_window,control_and_monitor
MLT_OUTLET_003,2018-09,69.73559382408303,50.0,supportive,1,90.463875,81.61224377269959,42.38948213544181,57.61051786455819,34.73292647058824,75.20371568477586,73.17,49.9,-3.43,80.16,68.62,growth_window,expand_selectively
MLT_OUTLET_003,2018-10,67.37599654132563,50.0,supportive,1,90.99971733333334,84.8662310393599,39.03846627810555,60.96153372189445,32.172776588235294,68.8848149335557,74.33,48.44,-6.95,81.06,69.26,growth_window,expand_selectively
MLT_OUTLET_003,2018-11,47.84489971208834,50.0,neutral,0,94.393248,68.60184131344556,31.55684700418496,68.44315299581504,24.86850847058824,72.73105234925339,79.96,38.81,-32.12,90.97,67.87,growth_window,expand_selectively
MLT_OUTLET_003,2018-12,37.754131054744875,50.0,neutral,0,90.653112,75.3538318708972,34.66276266061271,65.33723733938729,29.402396235294116,75.82691798809122,76.82,43.26,-39.07,94.49,62.44,growth_window,expand_selectively
MLT_OUTLET_003,2019-01,32.676070296694796,50.0,soft,0,92.17160799999999,67.63265383272508,31.11102076305353,68.88897923694647,26.381216117647064,75.43307085834971,79.11,38.82,-46.43,93.86,62.82,growth_window,expand_selectively
MLT_OUTLET_003,2019-02,37.461407700577624,50.0,neutral,0,93.53636800000001,76.9611784943109,35.402142107383014,64.59785789261699,29.424538470588235,74.22314327130701,77.48,44.0,-40.02,93.46,62.51,growth_window,expand_selectively
MLT_OUTLET_003,2019-03,49.230164868744886,50.0,neutral,0,95.64872,75.24828175466054,34.61420960714385,65.38579039285615,29.232188823529413,74.07293472198991,78.46,43.16,-29.23,93.93,66.58,growth_window,expand_selectively
MLT_OUTLET_003,2019-04,63.657418878070956,50.0,neutral,1,94.091704,70.07148751137947,32.23288425523456,67.76711574476545,27.859974235294118,75.1241099516167,79.03,40.38,-15.37,76.72,71.7,growth_window,expand_selectively
MLT_OUTLET_003,2019-05,64.18038538078095,50.0,neutral,1,95.212232,80.2395482266169,36.910192184243776,63.089807815756224,29.838499764705887,75.10915447082186,77.66,45.62,-13.48,81.44,70.31,growth_window,expand_selectively
MLT_OUTLET_003,2019-06,68.56161230529696,50.0,supportive,1,94.996112,84.05920156933932,38.66723272189609,61.33276727810391,30.968322705882354,75.17154265005625,76.81,47.71,-8.25,79.15,70.85,growth_window,expand_selectively
MLT_OUTLET_003,2019-07,79.55654853598824,50.0,supportive,1,93.18550400000001,83.94581264277758,38.61507381567769,61.38492618432231,31.601436,73.6299204288483,75.84,47.84,3.72,68.28,73.67,growth_window,expand_selectively
MLT_OUTLET_003,2019-08,81.95025857469005,50.0,supportive,1,91.18054933333335,90.0389148674789,44.21790083904029,55.78209916095971,36.863415568627445,68.3114253689525,71.63,53.47,10.32,71.52,71.07,growth_window,expand_selectively
MLT_OUTLET_003,2019-09,68.14292311128443,50.0,supportive,1,82.20488133333333,88.2202569374191,52.79172619121277,47.20827380878723,40.67869082352941,62.48089077000793,64.62,58.01,3.52,89.87,62.27,growth_window,expand_selectively
MLT_OUTLET_003,2019-10,67.49700705451794,50.0,supportive,1,92.87448,78.61465312297385,36.16274043656797,63.83725956343203,28.626734705882356,74.80317664668917,77.36,44.51,-9.86,77.01,71.47,growth_window,expand_selectively
MLT_OUTLET_003,2019-11,48.829717022121585,50.0,neutral,0,92.37772799999999,68.88164304669156,34.18555580147812,65.81444419852188,28.49399905882353,73.11486922566601,77.55,41.15,-28.72,92.32,66.27,growth_window,expand_selectively
MLT_OUTLET_003,2019-12,39.988624293596644,50.0,neutral,0,82.37491600000001,88.28500709560053,54.87662926397625,45.12337073602375,42.957960666666665,62.30401813474124,63.46,59.65,-23.47,80.34,52.71,hold_and_optimize,maintain_capacity_optimize_controls
MLT_OUTLET_003,2020-01,34.93110300544152,50.0,neutral,0,90.59868,66.0073050930212,30.363360342789758,69.63663965721024,27.81464941176471,73.87938024749559,78.16,38.51,-43.23,96.42,63.02,growth_window,expand_selectively
MLT_OUTLET_003,2020-02,41.46085902382938,50.0,neutral,0,88.280768,61.57305283916481,28.323604306015813,71.67639569398419,27.255479647058827,75.10013896202248,78.15,36.32,-36.69,94.86,65.36,growth_window,expand_selectively
MLT_OUTLET_003,2020-03,16.751445842229582,50.0,soft,0,88.53488000000002,60.0000153217608,34.03528704800997,65.96471295199004,24.13276705882353,63.32231497210644,76.57,37.56,-59.82,79.19,56.93,hold_and_optimize,maintain_capacity_optimize_controls
MLT_OUTLET_003,2020-04,0.0,50.0,soft,0,93.99056,59.99998631231064,27.599993703662893,72.40000629633711,21.688087058823527,63.8394907531301,80.87,33.93,-80.87,66.07,54.95,hold_and_optimize,maintain_capacity_optimize_controls
MLT_OUTLET_003,2020-05,0.10765267612774976,50.0,soft,0,93.38448,56.581145768201814,28.527327053372836,71.47267294662717,21.89289058823529,62.93891146008688,80.28,33.55,-80.17,66.56,54.58,hold_and_optimize,maintain_capacity_optimize_controls
MLT_OUTLET_003,2020-06,1.9869423551877603,50.0,soft,0,89.97585600000001,69.68356905503714,38.71986776531708,61.28013223468292,29.544142235294117,64.03845391005669,74.35,43.71,-72.36,58.28,50.1,hold_and_optimize,maintain_capacity_optimize_controls
MLT_OUTLET_003,2020-07,20.347145767756047,50.0,soft,0,91.314144,62.53755163144199,28.767273750463318,71.23272624953668,26.00614894117647,70.14282168684579,78.98,36.38,-58.63,83.97,59.48,hold_and_optimize,maintain_capacity_optimize_controls
MLT_OUTLET_003,2020-08,35.343903260533125,50.0,neutral,0,95.043072,63.0164914641664,28.987586073516542,71.01241392648346,25.424048,71.76577715288784,80.57,36.43,-45.23,98.91,64.67,growth_window,expand_selectively
MLT_OUTLET_003,2020-09,19.999554738764516,50.0,soft,0,97.43841599999999,60.0,27.6,72.4,22.07824105882353,68.89541538461539,82.47,34.04,-62.47,85.96,61.54,growth_window,expand_selectively
MLT_OUTLET_003,2020-10,16.000390680825973,50.0,soft,0,89.599472,62.167833624349555,31.621965467200795,68.3780345327992,25.27385094117647,70.33617563319059,77.91,37.35,-61.91,78.65,57.43,hold_and_optimize,maintain_capacity_optimize_controls
MLT_OUTLET_003,2020-11,6.766319003821347,50.0,soft,0,97.31696,60.000008045592764,27.600003700972675,72.39999629902732,21.08958705882353,70.60756516800328,82.89,33.75,-76.12,73.02,57.88,hold_and_optimize,maintain_capacity_optimize_controls
MLT_OUTLET_003,2020-12,7.757240701760433,50.0,soft,0,89.87045333333333,62.17754742002223,33.90167181321022,66.09832818678979,28.288266274509805,63.91756410792249,75.88,39.29,-68.12,68.47,53.35,hold_and_optimize,maintain_capacity_optimize_controls
MLT_OUTLET_003,2021-01,6.219581296442722,50.0,soft,0,94.286704,59.9999905243224,30.099995641188304,69.9000043588117,21.70093305882353,69.00921563972977,80.87,35.06,-74.65,71.16,56.44,hold_and_optimize,maintain_capacity_optimize_controls
MLT_OUTLET_003,2021-02,8.293995939504798,50.0,soft,0,94.23345599999999,60.00000000000001,27.600000000000005,72.39999999999999,22.28010105882353,70.47566538461538,81.45,34.1,-73.16,74.19,57.59,hold_and_optimize,maintain_capacity_optimize_controls
MLT_OUTLET_003,2021-03,4.883653957331047,50.0,soft,0,94.795568,59.99999143713551,27.599996061082336,72.40000393891766,22.697009058823532,69.83891561515404,81.45,34.23,-76.57,70.65,56.5,hold_and_optimize,maintain_capacity_optimize_controls
MLT_OUTLET_003,2021-04,4.162187123188702,50.0,soft,0,92.97211200000001,61.93331997599433,28.48932718895739,71.51067281104261,25.490310941176467,69.84113946218477,79.75,35.95,-75.59,68.21,55.05,hold_and_optimize,maintain_capacity_optimize_controls
MLT_OUTLET_003,2021-05,9.378781578537259,50.0,soft,0,92.776976,60.00001835985874,27.60000844553502,72.39999155446498,24.16778105882353,69.91316489031149,80.31,34.67,-70.93,74.71,57.17,hold_and_optimize,maintain_capacity_optimize_controls
MLT_OUTLET_003,2021-06,26.853561479445087,50.0,soft,0,94.397008,59.999992302265404,30.099996459042085,69.90000354095791,22.66706905882353,71.79381559186209,80.89,35.35,-54.04,91.5,62.5,growth_window,expand_selectively
MLT_OUTLET_003,2021-07,44.9988904377277,50.0,neutral,0,91.34092799999999,59.999990136447444,27.599995462765825,72.40000453723417,23.264999058823527,69.53136565017257,80.04,34.4,-35.04,89.4,67.89,growth_window,expand_selectively
MLT_OUTLET_003,2021-08,56.03275111835977,50.0,neutral,0,91.228656,66.61264107470775,30.641814894365567,69.35818510563443,27.541474588235296,71.32723274029632,78.14,38.7,-22.11,82.67,69.34,growth_window,expand_selectively
MLT_OUTLET_003,2021-09,52.192444778629756,50.0,neutral,0,96.566576,59.99998077231828,27.59999115526641,72.40000884473359,22.40518105882353,69.72499090228374,82.15,34.14,-29.96,81.95,71.02,growth_window,expand_selectively
MLT_OUTLET_003,2021-10,50.34762693715569,50.0,neutral,0,94.44256,60.0,27.6,72.4,23.069687058823526,68.61436538461538,81.1,34.34,-30.75,83.99,69.94,growth_window,expand_selectively
MLT_OUTLET_003,2021-11,34.5996706503184,50.0,neutral,0,92.912544,59.99998446501794,27.59999285390825,72.40000714609175,23.820193058823527,70.8045658028649,80.55,34.57,-45.95,99.97,64.89,growth_window,expand_selectively
MLT_OUTLET_003,2021-12,23.262888696899907,50.0,soft,0,96.416944,60.000018893180794,27.600008690863167,72.39999130913684,23.42109305882353,70.17171487595283,81.84,34.45,-58.58,88.81,62.06,growth_window,expand_selectively
MLT_OUTLET_003,2022-01,16.555243633302954,50.0,soft,0,91.48569599999999,62.01156830731275,28.525321421363863,71.47467857863614,25.10616694117647,74.04143277634157,79.76,35.87,-63.2,80.69,58.83,hold_and_optimize,maintain_capacity_optimize_controls
MLT_OUTLET_003,2022-02,23.966257816309632,50.0,soft,0,89.85765599999999,60.484256800086,30.32275812803956,69.67724187196043,24.423874588235293,74.77395270153615,79.02,36.09,-55.05,87.88,60.59,growth_window,expand_selectively
MLT_OUTLET_003,2022-03,31.380934632059816,50.0,soft,0,85.222216,68.90156970969716,34.7480580664607,65.2519419335393,33.15599105882353,74.83463273858507,73.68,42.81,-42.3,88.57,58.7,hold_and_optimize,maintain_capacity_optimize_controls
MLT_OUTLET_003,2022-04,49.06635182388338,50.0,neutral,0,84.47140533333334,68.732629643819,38.91807163615673,61.08192836384327,33.68644898039216,68.5721561249741,71.59,44.8,-22.52,95.73,62.47,growth_window,expand_selectively
MLT_OUTLET_003,2022-05,52.77307979296789,50.0,neutral,0,91.97156799999999,63.93882371782041,29.41185891019739,70.5881410898026,26.928412,73.80889513067406,79.14,37.3,-26.37,84.53,69.04,growth_window,expand_selectively
MLT_OUTLET_003,2022-06,58.80012151322749,50.0,neutral,0,88.79172,64.09693657968386,31.98459082665457,68.01540917334543,30.260344705882353,74.93303824593158,76.5,39.5,-17.7,80.7,68.9,growth_window,expand_selectively
MLT_OUTLET_003,2022-07,70.391779615797,50.0,supportive,1,89.82883733333334,82.23290604236549,38.29517077948812,61.70482922051188,32.118586,69.30413714501324,74.16,47.43,-3.77,77.04,70.22,growth_window,expand_selectively
MLT_OUTLET_003,2022-08,77.8723838209303,50.0,supportive,1,93.526432,78.57797995246281,38.64587077813289,61.35412922186711,29.685046823529408,74.71846400127984,76.64,45.94,1.23,68.07,73.77,growth_window,expand_selectively
MLT_OUTLET_003,2022-09,59.95952431736784,50.0,neutral,0,92.463696,64.26081233596148,29.55997367454228,70.44002632545772,26.71726105882353,76.0094012063395,79.56,37.38,-19.6,77.42,71.37,growth_window,expand_selectively
MLT_OUTLET_003,2022-10,59.86307498845552,50.0,neutral,0,93.303008,73.66140095262885,33.88424443820927,66.11575556179073,28.428966117647057,73.99090843589077,78.06,42.19,-18.2,82.33,69.84,growth_window,expand_selectively
MLT_OUTLET_003,2022-11,43.89004632871339,50.0,neutral,0,90.06708,61.72150379910515,28.391891747588367,71.60810825241163,27.699196470588234,74.7240672054087,78.59,36.52,-34.7,92.63,66.19,growth_window,expand_selectively
MLT_OUTLET_003,2022-12,35.06396321280399,50.0,neutral,0,91.69380799999999,70.16945081243622,32.27794737372066,67.72205262627935,31.349830823529416,74.62492247812672,77.08,41.47,-42.02,93.59,61.81,growth_window,expand_selectively
MLT_OUTLET_003,2023-01,31.260283200509033,50.0,soft,0,91.242448,61.73393973097819,28.39761227624997,71.60238772375003,25.988017294117647,74.76155739185828,79.52,36.01,-48.26,95.25,63.03,growth_window,expand_selectively
MLT_OUTLET_003,2023-02,37.64884831745115,50.0,neutral,0,90.154144,62.75422752320331,28.86694466067352,71.13305533932648,26.729460705882353,75.03788810514453,78.82,36.7,-41.17,99.05,64.48,growth_window,expand_selectively
MLT_OUTLET_003,2023-03,47.746583158640114,50.0,neutral,0,91.502912,76.92948066238289,38.588513104696126,61.411486895303874,31.856843294117645,73.9897466744743,75.22,46.15,-27.47,98.4,63.85,growth_window,expand_selectively
MLT_OUTLET_003,2023-04,60.40564734879251,50.0,neutral,1,94.788736,75.01156852793966,34.50532152285224,65.49467847714776,29.456071058823525,73.58278277040162,78.07,43.12,-17.66,82.71,69.76,growth_window,expand_selectively
MLT_OUTLET_003,2023-05,62.867582899383166,50.0,neutral,1,92.337344,70.40954248837872,32.38838954465421,67.61161045534578,28.113990117647056,74.34875847146672,78.22,40.61,-15.35,77.74,71.07,growth_window,expand_selectively
MLT_OUTLET_003,2023-06,66.9787086131477,50.0,neutral,1,95.167192,74.7344096425556,34.37782843557558,65.62217156442442,28.71777211764706,74.25324474039273,78.52,42.77,-11.54,75.79,72.04,growth_window,expand_selectively
MLT_OUTLET_003,2023-07,77.87288653522843,50.0,supportive,1,96.93526399999999,78.78116593955559,36.23933633219558,63.76066366780442,30.550252470588234,74.67194360931965,78.17,45.17,-0.3,67.3,74.61,growth_window,expand_selectively
MLT_OUTLET_003,2023-08,85.35234167910885,50.0,supportive,1,92.98928000000001,83.95547912235133,41.119520396281615,58.880479603718385,34.11726705882353,73.70446017747516,74.4,49.73,10.95,64.38,74.08,growth_window,expand_selectively
MLT_OUTLET_003,2023-09,68.28871025774163,50.0,supportive,1,92.59304,88.2548589223286,40.94842510427116,59.05157489572884,35.29176882352941,73.81938264439884,73.96,51.08,-5.67,82.79,68.63,growth_window,expand_selectively
MLT_OUTLET_003,2023-10,69.7403337017511,50.0,supportive,1,87.993432,69.10278878994072,34.28728284337273,65.71271715662726,30.473896823529408,75.48369030180928,75.63,41.85,-5.89,72.11,71.46,growth_window,expand_selectively
MLT_OUTLET_003,2023-11,50.88416672591514,50.0,neutral,0,90.09532,63.60164905790731,29.25675856663736,70.74324143336264,27.151371176470587,74.75994790997942,78.55,37.21,-27.67,86.33,68.22,growth_window,expand_selectively
MLT_OUTLET_003,2023-12,41.3172981835496,50.0,neutral,0,94.269824,74.45689775548504,34.25017296752313,65.74982703247687,29.352045411764706,75.0896662142754,78.14,42.83,-36.82,98.49,64.11,growth_window,expand_selectively
MLT_OUTLET_003,2024-01,37.19252736740731,50.0,neutral,0,93.54369600000001,68.23053155234598,31.386044514079156,68.61395548592084,27.446961058823526,74.56252415051377,79.12,39.42,-41.93,97.77,63.98,growth_window,expand_selectively
MLT_OUTLET_003,2024-02,45.654286249830335,50.0,neutral,0,91.10960800000001,61.03852912718419,30.57772339850473,69.42227660149527,26.21758082352941,74.98475498503736,78.88,36.88,-33.23,91.23,66.73,growth_window,expand_selectively
MLT_OUTLET_003,2024-03,57.29456400666169,50.0,neutral,0,93.60571200000001,70.84177786696098,35.087217818802046,64.91278218119795,26.45490505882353,75.11799636512028,78.57,41.44,-21.28,84.15,69.39,growth_window,expand_selectively
MLT_OUTLET_003,2024-04,66.2526455339939,50.0,neutral,1,91.716896,78.17795489291623,38.46185925074147,61.53814074925853,30.63961105882353,74.36078390672918,75.73,46.04,-9.48,79.79,69.8,growth_window,expand_selectively
MLT_OUTLET_003,2024-05,73.44648714020917,50.0,supportive,1,93.682496,77.16218115930711,35.49460333328127,64.50539666671872,29.856211058823533,74.86398166109558,77.44,44.22,-3.99,70.77,73.21,growth_window,expand_selectively
MLT_OUTLET_003,2024-06,74.34074406025103,50.0,supportive,1,82.929644,87.8038373646855,50.31321918775532,49.68678081224468,40.809653843137255,61.44452236626761,65.35,56.83,8.99,82.49,64.77,growth_window,expand_selectively
MLT_OUTLET_003,2024-07,89.48781312816845,50.0,supportive,1,94.72889599999999,88.77416007264236,40.836113633415486,59.163886366584514,34.26931694117647,74.4146014595827,75.11,50.85,14.38,61.36,75.62,growth_window,expand_selectively
MLT_OUTLET_003,2024-08,93.9835152800011,50.0,supportive,1,81.06615566666667,100.0,55.26791642208027,44.73208357791973,43.377868156862746,62.26946046589879,62.77,62.88,31.21,68.9,68.51,growth_window,expand_selectively
MLT_OUTLET_003,2024-09,71.36462114761268,50.0,supportive,1,95.811408,83.62276172184973,38.46647039205087,61.53352960794913,29.999939647058824,74.7659179536425,77.39,47.22,-6.03,75.86,72.1,growth_window,expand_selectively
MLT_OUTLET_003,2024-10,65.33138167470831,50.0,neutral,1,95.201968,72.83299804701839,33.50317910162846,66.49682089837154,26.971638470588235,74.79541159104183,79.33,41.38,-14.0,76.05,72.26,growth_window,expand_selectively
MLT_OUTLET_003,2024-11,35.108362444303765,50.0,neutral,0,94.600216,70.62647754137116,32.488179669030735,67.51182033096927,28.24262929411765,74.9224429123477,79.01,40.75,-43.9,94.36,63.03,growth_window,expand_selectively
MLT_OUTLET_003,2024-12,26.124778070532532,50.0,soft,0,86.40093966666667,89.82267582947054,46.95616888155645,53.04383111844355,40.54332415686275,62.00371110544682,67.54,55.75,-41.42,70.37,51.73,hold_and_optimize,maintain_capacity_optimize_controls
MLT_OUTLET_003,2025-01,14.166249533493101,50.0,soft,0,88.35170133333334,84.35057382096632,44.680891957644505,55.319108042355495,36.8789688627451,68.29114801251245,70.52,52.26,-56.35,61.91,50.22,hold_and_optimize,maintain_capacity_optimize_controls
MLT_OUTLET_003,2025-02,24.584888633893726,50.0,soft,0,95.11566400000001,73.77868235681878,33.93819388413664,66.06180611586336,27.834949529411762,75.08332585962411,78.96,42.07,-54.38,82.51,59.69,hold_and_optimize,maintain_capacity_optimize_controls
MLT_OUTLET_003,2025-03,48.00740001764269,50.0,neutral,0,92.442848,73.17256585510154,33.65938029334671,66.34061970665329,30.448361411764708,74.74589438082418,77.28,42.57,-29.27,94.56,65.7,growth_window,expand_selectively
MLT_OUTLET_003,2025-04,71.4020784837731,50.0,supportive,1,83.94777366666668,76.33529818517731,49.12403916518157,50.87596083481843,39.30184878431372,68.57401443993729,67.17,52.98,4.23,81.58,65.02,growth_window,expand_selectively
MLT_OUTLET_003,2025-05,75.68468993714201,50.0,supportive,1,84.736683,89.50842927590845,51.95518546691789,48.04481453308211,42.51305925490196,62.2083918230867,65.14,58.51,10.54,82.83,64.59,growth_window,expand_selectively
MLT_OUTLET_003,2025-06,76.05370488434785,50.0,supportive,1,83.61318666666668,87.13930043671687,47.01527820088976,52.98472179911024,41.05095450980392,62.03125732505493,66.4,55.26,9.65,79.21,66.17,growth_window,expand_selectively
MLT_OUTLET_003,2025-07,93.63885871170955,50.0,supportive,1,83.08773366666668,94.60995711228573,53.01046227165143,46.98953772834857,44.09629662745098,62.194536579651725,63.82,60.74,29.82,67.1,69.05,growth_window,expand_selectively
MLT_OUTLET_003,2025-08,100.0,50.0,supportive,1,82.220454,92.64251120553511,53.91395915454616,46.08604084545384,45.84543796078431,61.19608292311025,62.66,61.18,37.34,61.18,70.1,growth_window,expand_selectively
MLT_OUTLET_003,2025-09,84.10008344331533,50.0,supportive,1,68.79708666666667,96.6353729551794,72.58075155938252,27.41924844061748,58.142727058823525,50.81944408943233,48.57,74.26,35.53,90.16,55.05,control_window,control_and_monitor
MLT_OUTLET_003,2025-10,89.35567108408901,50.0,supportive,1,88.27178833333335,77.40653912607289,45.14809799799353,54.85190200200647,36.75640039215686,68.76351548850513,70.46,50.7,18.9,61.34,72.71,growth_window,expand_selectively
MLT_OUTLET_003,2025-11,65.52435614866268,50.0,neutral,1,93.203456,76.11066394544532,35.01090541490485,64.98909458509516,30.980568705882355,74.62011673993032,77.04,44.08,-11.52,78.56,70.57,growth_window,expand_selectively
MLT_OUTLET_003,2025-12,54.97482478611302,50.0,neutral,0,94.461264,85.94281590590018,39.53369531671409,60.46630468328591,33.484708352941176,74.85105495637961,75.62,49.32,-20.65,94.35,65.79,growth_window,expand_selectively
